Product,Price
Диван Нумо Velvet Pink,38990
Банкетка Вайли Velvet Light,10990
Кресло Кенсол Velvet Ginger,19990
Диван Риен Velvet Stone,51990
Кресло Кото Cozy Beige,26990
Диван Нумо Мини Textile Yellow,26990
Диван угловой Онте Bucle Silver,109990
Кресло Витио Velvet Yellow,22990
Кресло Пайпел-2 Bucle Forest,37990
Диван Види Textile Navy Blue,25990
Кресло Ансил Bucle Milk,31990
Диван угловой Аронт Мини Velvet Olive,59990
Пуф Кропс Bucle Lilac,8990
Пуф Кофи Velvet Light,4590
Кресло Тилар Textile Yellow,23990
Диван Лави Velvet Moss,43990
Диван Викс Textile Silver,23990
Кресло Лонди Cozy Ivory,43990
Диван Лилле Velvet Atlantic,44990
Пуф Дзен-1 Velvet Beige,9990
Диван Саннес Velvet Terra,42990
Диван Роттердам Velvet Silver,26990
Диван Сваут Velvet Beige,66990
Кресло Пайл Textile Grafit,26990
Диван угловой Стаус Velvet Olive,39990
Кресло Кальдера Barhat Mint,34990
Диван Терм Velvet Beige,69990
Кресло-кровать Кейсес Velvet Grey,22990
Кушетка Ринт Bucle Pink,20990
Диван Тайлин Velvet Yellow,39990
Кресло Элвит Cozy Ivory,29990
Диван Слипсон Velvet Silver,59990
Диван угловой Аллаум Linia Mint,52990
Кресло Винси Textile Ginger,19990
Диван Рон Textile Grafit,54990
Модульный диван Этен 1 Vertical Milk,115950
Диван Спейс Soft Navy Blue,66990
Пуф Акера-2 Velvet Yellow,11990
Диван Эби Мини Linia Mint,58990
Диван Льери Barhat Blue,84990
Диван угловой Маркфул Velvet Light,79990
Диван Сваут Velvet Moss,66990
Диван Льери Мини Velvet Light,64990
Диван Эби Velvet Blue,66990
Диван Спейс-2 Velvet Beige,89990
Модульный диван Риббл-1 Bucle Lilac,78980
Кресло Кальдера Bucle Cloud,36990
Кресло Тилар Cozy Milk,23990
